Barcode,region_cluster
79160_AAACAAGTATCTCCCA-1,10
79160_AAACAATCTACTAGCA-1,1
79160_AAACCGGGTAGGTACC-1,4
79160_AAACCGTTCGTCCAGG-1,9
79160_AAACGAGACGGTTGAT-1,7
79160_AAACTGCTGGCTCCAA-1,3
79160_AAAGACCCAAGTCGCG-1,2
79160_AAAGGCTCTCGCGCCG-1,3
79160_AAAGGGATGTAGCAAG-1,9
79160_AAAGTAGCATTGCTCA-1,4
79160_AAAGTCACTGATGTAA-1,2
79160_AAAGTGTGATTTATCT-1,3
79160_AAAGTTGACTCCCGTA-1,3
79160_AAATACCTATAAGCAT-1,3
79160_AAATAGCTTAGACTTT-1,3
79160_AAATAGGGTGCTATTG-1,3
79160_AAATCGTGTACCACAA-1,5
79160_AAATGGTCAATGTGCC-1,7
79160_AAATTAACGGGTAGCT-1,9
79160_AAATTGATAGTCCTTT-1,3
79160_AAATTTGCGGGTGTGG-1,3
79160_AACAACTGGTAGTTGC-1,1
79160_AACAATACATTGTCGA-1,3
79160_AACACACGCTCGCCGC-1,4
79160_AACACGCGGCCGCGAA-1,2
79160_AACAGCTGTGTGGCAA-1,3
79160_AACAGGAAATCGAATA-1,1
79160_AACAGGTAGTATGGAT-1,4
79160_AACCAAGACTTCTCTG-1,4
79160_AACCCTACTGTCAATA-1,3
79160_AACCGAGCTTGGTCAT-1,2
79160_AACCGCTAAGGGATGC-1,3
79160_AACCTTTAAATACGGT-1,3
79160_AACGATAATGCCGTAG-1,3
79160_AACGATAGAAGGGCCG-1,5
79160_AACGATATGTCAACTG-1,1
79160_AACGCGGTCTCCAGCC-1,2
79160_AACGCTGTTGCTGAAA-1,6
79160_AACGGACGTACGTATA-1,3
79160_AACGGCCATCTCCGGT-1,3
79160_AACGTACTGTGGGTAC-1,3
79160_AACGTAGTCTACCCAT-1,2
79160_AACGTCAGACTAGTGG-1,1
79160_AACGTGCGAAAGTCTC-1,7
79160_AACTACCCGTTTGTCA-1,9
79160_AACTAGGCTTGGGTGT-1,9
79160_AACTCAAGTTAATTGC-1,2
79160_AACTCTCAATAGAGCG-1,4
79160_AACTCTCAGTGTGCTC-1,3
79160_AACTGATATTAGGCCT-1,2
79160_AACTGGGTCCCGACGT-1,1
79160_AACTGGTGTGGGCCTT-1,14
79160_AAGACCCAACTGAACA-1,6
79160_AAGACTGCAAGCTACT-1,7
79160_AAGAGCTCTTTATCGG-1,7
79160_AAGAGGATGTACGCGA-1,8
79160_AAGAGGCATGGATCGC-1,7
79160_AAGATGGCACCGGACC-1,4
79160_AAGCACCCTGCGTATC-1,6
79160_AAGCATACTCTCCTGA-1,3
79160_AAGCCGAAGCGGTTTA-1,10
79160_AAGCGTCCCTCATCGA-1,3
79160_AAGCTAGATCGAGTAA-1,3
79160_AAGCTCGTGCCAAGTC-1,1
79160_AAGCTCTTTCATGGTG-1,10
79160_AAGGAGCGGTTGGTGC-1,9
79160_AAGGATCGATCGCTTG-1,3
79160_AAGGATGAGGGACCTC-1,1
79160_AAGGCTGTGCTCATCG-1,4
79160_AAGGGACTATGCATTC-1,3
79160_AAGGTATCCTAATATA-1,2
79160_AAGGTGATAAACCAGC-1,3
79160_AAGTAAGCTTCCAAAC-1,2
79160_AAGTCAATTGTCGTCA-1,3
79160_AAGTGACGACCGAATT-1,9
79160_AAGTGAGTCGGGTTTA-1,6
79160_AAGTGCCTTGACTGTA-1,3
79160_AAGTGTTTGGAGACGG-1,3
79160_AAGTTCACTCCAAGCT-1,6
79160_AAGTTCGGCCAACAGG-1,3
79160_AATAACAACGCTCGGC-1,3
79160_AATAACACTAGAACAA-1,3
79160_AATAGAACAGAGTGGC-1,3
79160_AATAGAATCTGTTTCA-1,9
79160_AATAGTCCGTCCCGAC-1,4
79160_AATATCAAGGTCGGAT-1,2
79160_AATATCGAATCAATGC-1,6
79160_AATCCAAGGGCCTGAG-1,2
79160_AATCGCCTCAGCGCCA-1,6
79160_AATCGCGCAGAGGACT-1,3
79160_AATCTAGGTTTACTTG-1,4
79160_AATCTGCGTTGGGACG-1,9
79160_AATGACAGCAATGTCT-1,4
79160_AATGACGTAGGATGTC-1,3
79160_AATGACTGTCAGCCGG-1,2
79160_AATGCAACCGGGTACC-1,9
79160_AATGTGCCCGAGGTGT-1,3
79160_AATTAAAGGTCGGCGT-1,7
79160_AATTAACGGATTTCCA-1,5
79160_AATTAGCGCTGCAGCG-1,3
79160_AATTCTAGAGTTAGGC-1,3
79160_AATTGAACGCTCTGGT-1,3
79160_ACAAATCGCACCGAAT-1,3
79160_ACAAATGGTAGTGTTT-1,9
79160_ACAACAGCATGAGCTA-1,2
79160_ACAAGGAAATCCGCCC-1,3
79160_ACAAGGGCAGGCTCTG-1,3
79160_ACAATCCATTTAAACC-1,3
79160_ACAATGAATACGGAGA-1,3
79160_ACAATTGTGTCTCTTT-1,5
79160_ACAATTTGAGCAGTGG-1,7
79160_ACACAAAGACGGGTGG-1,7
79160_ACACACCAGGACCAGT-1,3
79160_ACACACTTTCTACACG-1,1
79160_ACACCCAGCATGCAGC-1,14
79160_ACACCTTAAGTAGGGC-1,2
79160_ACACCTTACTACTTGC-1,3
79160_ACACGAGACTCCTTCT-1,2
79160_ACACGGGAACTTAGGG-1,9
79160_ACACTGATCAAGGTGT-1,3
79160_ACAGGCTTGCCCGACT-1,4
79160_ACAGGTGGAGGTGAGG-1,3
79160_ACATAATAAGGCGGTG-1,2
79160_ACATCCCGGCCATACG-1,3
79160_ACATCCTGGTAACTGT-1,3
79160_ACATCGATCGTTTACC-1,7
79160_ACATCGGTCAGCCGCG-1,11
79160_ACATCGTATGCAATGG-1,3
79160_ACATGGCGCCAAAGTA-1,3
79160_ACATTAGTTTATATCC-1,3
79160_ACCAACGCTTATTTAT-1,3
79160_ACCAAGAACGCGTGTC-1,1
79160_ACCAATATGCAAGTTA-1,5
79160_ACCACAAGTTTCTATC-1,9
79160_ACCACCAATGTAACAA-1,3
79160_ACCACGTGCAGCTATA-1,9
79160_ACCAGTGCGGGAGACG-1,3
79160_ACCATATCCGCAATAA-1,7
79160_ACCATCGTATATGGTA-1,10
79160_ACCCAACGCCCGTGGC-1,5
79160_ACCCATCTTGAGGGTA-1,4
79160_ACCCGAGCGAAATTAC-1,3
79160_ACCCGGAAACTCCCAG-1,4
79160_ACCCGGATGACGCATC-1,3
79160_ACCCGGTTACACTTCC-1,6
79160_ACCCGTGTCATCAGTA-1,5
79160_ACCCTATGCCATATCG-1,3
79160_ACCCTCCCTTGCTATT-1,3
79160_ACCGAAAGGGCCCTGC-1,1
79160_ACCGACTGAGTCCCAC-1,9
79160_ACCGATGGTAGCATCG-1,4
79160_ACCGCAATAACTGCCT-1,3
79160_ACCGCGGTGGAAGTCG-1,3
79160_ACCGGGCCTTTGTTGA-1,4
79160_ACCGTGACCACGTGGG-1,4
79160_ACCTAAGTACCTTTCA-1,4
79160_ACCTACAGTATGTGGT-1,3
79160_ACGAGAACCCATCACG-1,5
79160_ACGATCATACATAGAG-1,9
79160_ACGATCATCTTGTAAA-1,3
79160_ACGATGCATATGTTAT-1,6
79160_ACGCATTCGTGAGTAC-1,9
79160_ACGCCGCTAGACGACC-1,4
79160_ACGCGAAGTCAGACGA-1,3
79160_ACGCGCTACACAGGGT-1,4
79160_ACGCGGGCCAAGGACA-1,3
79160_ACGGATGGTGCGGATA-1,6
79160_ACGGCACTTGCTTGGG-1,3
79160_ACGGCCAACATGGACT-1,3
79160_ACGGCGACGATGGGAA-1,3
79160_ACGGCGGGTTGCCCTG-1,9
79160_ACGTAGATTGCTGATG-1,9
79160_ACGTATTACTCCGATC-1,3
79160_ACGTGCGCCTCGTGCA-1,2
79160_ACGTTAATGTCGAAGA-1,6
79160_ACGTTAGATTTGCCCG-1,5
79160_ACGTTCGTTCAGGAAA-1,5
79160_ACTACCAGCTCTCTGG-1,2
79160_ACTACGCGTTAGAATT-1,6
79160_ACTAGTTGCGATCGTC-1,6
79160_ACTATCCAGGGCATGG-1,3
79160_ACTATTTCCGGGCCCA-1,4
79160_ACTCAACGAATGTATT-1,1
79160_ACTCAATAAAGGCACG-1,9
79160_ACTCAGACCTGCTTCT-1,2
79160_ACTCCCGAATTCGTTT-1,3
79160_ACTCCCTAATGCTAAA-1,11
79160_ACTCCCTAGAATAGTA-1,3
79160_ACTCGTCAGTAATCCC-1,7
79160_ACTCTCTGACTTAGGT-1,4
79160_ACTCTTGTATAGTAAC-1,7
79160_ACTGAATGGCGAAAGT-1,3
79160_ACTGCCGTCGTAACTC-1,7
79160_ACTGTACGATACACAT-1,1
79160_ACTGTAGCACTTTGGA-1,2
79160_ACTGTATACGCGAGCA-1,1
79160_ACTGTCCAGGATTATA-1,9
79160_ACTGTCTTCTTTAGAA-1,9
79160_ACTTACGCATCCACGC-1,6
79160_ACTTATACTTACCCGG-1,11
79160_ACTTATCTGATCTATA-1,2
79160_ACTTATTAGGATCGGT-1,7
79160_ACTTATTTATGTGCCA-1,3
79160_ACTTCAGGCTGATCCC-1,3
79160_ACTTCGCCATACGCAC-1,7
79160_ACTTGACTCCCTCTTT-1,11
79160_ACTTGGGACCCGGTGG-1,8
79160_ACTTTACCCTCATGAA-1,3
79160_ACTTTCCTATAGCTTC-1,9
79160_AGAACGTGGTACATTC-1,9
79160_AGAAGAGCGCCGTTCC-1,11
79160_AGAAGGTTGCCGAATT-1,6
79160_AGAAGTGATTCGTGAT-1,4
79160_AGAATTATGGATTCGA-1,4
79160_AGACATAGATCCTTCC-1,14
79160_AGACCCACCGCTGATC-1,3
79160_AGACCCGCCCTCCTCG-1,2
79160_AGACCGCTCCGCGGTT-1,6
79160_AGACGAAGTGCCGGTC-1,11
79160_AGACGACGATGCCGCT-1,3
79160_AGACTAGCCTTCCAGA-1,7
79160_AGAGAACCGTCTAGGA-1,1
79160_AGAGAAGGAGTACAAT-1,9
79160_AGAGCGGGCTAATCAT-1,2
79160_AGAGGCTTCGGAAACC-1,6
79160_AGAGTAAACTTCACTA-1,11
79160_AGATAACTTCAGGGCC-1,2
79160_AGATACCGGTGTTCAC-1,5
79160_AGATACTCAAGATCGA-1,3
79160_AGATCTCAGGTGTGAT-1,5
79160_AGATGACTCGCCCACG-1,7
79160_AGATGATGGAGTCTGG-1,3
79160_AGATTATAGGACGTTT-1,7
79160_AGCAACATATCTTATT-1,3
79160_AGCACCAGTACTCACG-1,9
79160_AGCACTACCTCACCAG-1,3
79160_AGCAGCCAGATGAATA-1,3
79160_AGCATATCAATATGCT-1,5
79160_AGCATCGTCGATAATT-1,7
79160_AGCCCATACATGTAAG-1,4
79160_AGCCCGGTAGCCTGTA-1,6
79160_AGCCCTAAGCGAAGTT-1,1
79160_AGCGACAGGAACGGTC-1,3
79160_AGCGACATCCCATTCA-1,2
79160_AGCGACCAACGATATT-1,5
79160_AGCGCATAATGAATCG-1,4
79160_AGCGGGAAGGGTCCAT-1,1
79160_AGCGTCTGAACCCGCA-1,2
79160_AGCGTGGTATTCTACT-1,3
79160_AGCTAACAAGCAATGT-1,3
79160_AGCTCCTTCGCACATC-1,3
79160_AGCTCTAGACGTTCCA-1,7
79160_AGCTCTTCGTAACCTT-1,3
79160_AGCTCTTTACTCAGTT-1,7
79160_AGCTGTAACCTCAATC-1,3
79160_AGCTTATAGAGACCTG-1,5
79160_AGGACAGTCGAATCCC-1,9
79160_AGGACGACCCATTAGA-1,10
79160_AGGAGGCCTTCGCGCG-1,6
79160_AGGATAAAGTCGGGAT-1,3
79160_AGGATATAGGGATTTA-1,3
79160_AGGCAAAGAGGAATCA-1,2
79160_AGGCAGATGCGTAAAC-1,7
79160_AGGCAGGGAGCGTACT-1,6
79160_AGGCATTGTCGTAGGG-1,5
79160_AGGCCCATTGTACAGG-1,1
79160_AGGCTTCCCGAAGAAG-1,3
79160_AGGGACAGCACGGCGG-1,1
79160_AGGGACTCTACGCGAC-1,3
79160_AGGGCTGCAGTTACAG-1,7
79160_AGGGTCGATGCGAACT-1,3
79160_AGGGTGCTCTCGAGGG-1,4
79160_AGGGTTCCCTTTGGTT-1,11
79160_AGGGTTTAGTTCGGGA-1,9
79160_AGGTAACCTCCTATTC-1,1
79160_AGGTAGGTACAAAGCT-1,3
79160_AGGTCGCCACTTCGGT-1,1
79160_AGGTTACACCATGCCG-1,3
79160_AGGTTGAGGCACGCTT-1,2
79160_AGGTTTCACACACCTT-1,10
79160_AGTAATGTCTTGCCGC-1,2
79160_AGTACGGGCACCTGGC-1,2
79160_AGTACTCTTATGCCCA-1,10
79160_AGTAGGTAACATACAT-1,14
79160_AGTATTTGGCACGACC-1,5
79160_AGTCAACACCACCATC-1,7
79160_AGTCAAGATGACACTT-1,3
79160_AGTCACTCCGCCTCAT-1,1
79160_AGTCCATTGGCTGATG-1,3
79160_AGTCGACGGTCTCAAG-1,4
79160_AGTCGGCCCAAACGAC-1,1
79160_AGTCGGTTGCGTGAGA-1,3
79160_AGTCGTGGGCATTACG-1,4
79160_AGTCTCACAAGACTAC-1,8
79160_AGTCTTCTCCTCAAAT-1,2
79160_AGTGAACAAACTTCTC-1,3
79160_AGTGACCTACTTTACG-1,6
79160_AGTGAGACTTCCAGTA-1,6
79160_AGTGATATGAGTAGTT-1,5
79160_AGTGATTCAAGCAGGA-1,10
79160_AGTGCACGCTTAAGAA-1,6
79160_AGTGCGTAGCTCGTAA-1,4
79160_AGTGCTTGCACGAATA-1,4
79160_AGTTAAACACTTGCGA-1,7
79160_AGTTAAGTCAACCGCT-1,4
79160_AGTTCCTACAGAATTA-1,9
79160_AGTTCCTATTTATGTT-1,4
79160_AGTTTCGCAGGTCGGA-1,14
79160_AGTTTGCACCTGCCTC-1,10
79160_AGTTTGGCACGGGTTG-1,5
79160_AGTTTGGCCAGACCTA-1,3
79160_ATAAACCATTGGACGG-1,1
79160_ATAAACGGACCCGTAA-1,3
79160_ATAAAGGCTCGGTCGT-1,1
79160_ATAAATATTAGCAGCT-1,4
79160_ATAACGCCGGAGGGTC-1,7
79160_ATAACGGAGTCCAACG-1,2
79160_ATAAGGTGGAGAACAT-1,3
79160_ATAAGTAGGGCGACTC-1,3
79160_ATAAGTTACCGCGACG-1,4
79160_ATAATAGCTGTTGAAT-1,9
79160_ATACAGGCCCTCCAAT-1,4
79160_ATACCACGGGCAACTT-1,4
79160_ATACCAGGCTAATAGA-1,14
79160_ATACCTAACCAAGAAA-1,5
79160_ATACGCCGATCTACCG-1,2
79160_ATACGCCGGCGAAACC-1,10
79160_ATACGTACTTAGCCAC-1,3
79160_ATACGTCCACTCCTGT-1,3
79160_ATACTAGCATGACCCT-1,2
79160_ATAGACAACGGGACCT-1,4
79160_ATAGACGAAGAGAAAG-1,2
79160_ATAGAGTACTGGGACA-1,5
79160_ATAGGCGGCTATAGAA-1,3
79160_ATAGGGATATCCTTGA-1,2
79160_ATAGGTTGGGCAGATG-1,9
79160_ATAGTGAAGCGTTCTC-1,7
79160_ATAGTTCCACCCACTC-1,3
79160_ATATAAAGCGCTCGTG-1,5
79160_ATATAAATGTAGCTGC-1,3
79160_ATATCAACCTACAGAG-1,3
79160_ATATCTTAGGGCCTTC-1,7
79160_ATATGTCTCCCTAGCC-1,4
79160_ATATTCAGTTAAACCT-1,5
79160_ATATTCCACATAGTGA-1,3
79160_ATATTCCCACAGGTCA-1,1
79160_ATATTTAACCCTCAAG-1,9
79160_ATCAAACACTGTTCCA-1,11
79160_ATCAAACGAAGGTTTG-1,3
79160_ATCAATCTGGGCTGCA-1,4
79160_ATCACGTGCTAATTAA-1,3
79160_ATCACTTCATCCTCGC-1,1
79160_ATCAGACGGCACGCCG-1,5
79160_ATCATCCAATATTTGT-1,7
79160_ATCCAATGGAGGGTCC-1,4
79160_ATCCAGAGCAACAACC-1,3
79160_ATCCAGGATTCGTGAA-1,7
79160_ATCCTACCTAAGCTCT-1,10
79160_ATCCTGAATCGCTGCG-1,4
79160_ATCCTGCGTGGAATGG-1,2
79160_ATCCTGCTGCAGATAG-1,2
79160_ATCGACCCAATACAGA-1,11
79160_ATCGACTCTTTCCGTT-1,1
79160_ATCGCACGCCGGGAGA-1,1
79160_ATCGCCAGTCAACATT-1,3
79160_ATCGGAGACAGACGGC-1,3
79160_ATCTAATATCCTACGG-1,9
79160_ATCTGACATGGAAGGA-1,11
79160_ATCTGGTTAAGACTGT-1,7
79160_ATCTGTAATTGTACCC-1,5
79160_ATCTTGACCTGCAACG-1,2
79160_ATGAAGCCAAGGAGCC-1,1
79160_ATGACGCCGGCTCTAA-1,5
79160_ATGACGCGTTCTATCC-1,3
79160_ATGACTATCAGCTGTG-1,5
79160_ATGACTATGCGACATT-1,3
79160_ATGAGGGCAGCGGCTA-1,8
79160_ATGATCGGGAATAGAC-1,5
79160_ATGATGCAATGGTACA-1,10
79160_ATGCACTACCGCATTG-1,1
79160_ATGCATGATCCAGGAT-1,2
79160_ATGCCATTTGCGACCA-1,9
79160_ATGCCGGTCTTGCATA-1,1
79160_ATGCGACAGTCCCATT-1,7
79160_ATGCGAGTCCCACCAC-1,6
79160_ATGGAGCAGGCCGTGA-1,7
79160_ATGGATTGACCAAACG-1,9
79160_ATGGGACCTGCTGAAC-1,3
79160_ATGGGCCTCGGCCTCT-1,3
79160_ATGGTCGCGTGGTTTC-1,3
79160_ATGTGCATCCGACGCA-1,9
79160_ATGTGGACATCTTGAT-1,3
79160_ATTAAACATGCGGACC-1,7
79160_ATTAATACTACGCGGG-1,1
79160_ATTAATGAACCAGTCG-1,2
79160_ATTAATTCGGTCACTC-1,1
79160_ATTACATGTCAGTCTT-1,10
79160_ATTACGCGCTGGCAGG-1,4
79160_ATTAGATTGATAGCGG-1,1
79160_ATTAGGCGATGCTTTC-1,4
79160_ATTATGCCATAGGGAG-1,1
79160_ATTATTATGTCCGTCA-1,3
79160_ATTCACTGATGTTGGA-1,4
79160_ATTCATATACTGTCCA-1,3
79160_ATTCGACGCCGGGCCT-1,4
79160_ATTCGTGCTATCTCTT-1,3
79160_ATTCTCGTCTCTTTAG-1,1
79160_ATTGAAGATCTTAGTG-1,1
79160_ATTGATGAGTCCTAAC-1,4
79160_ATTGCGATCAGTAACT-1,10
79160_ATTGCTGCTCCTCCAT-1,1
79160_ATTGGGAATATCTTGG-1,9
79160_ATTGTACAACTCGGCT-1,3
79160_ATTTAACTCGTATTAC-1,1
79160_ATTTCCGGGTTCTGCG-1,3
79160_ATTTGCGCGAGTAGCT-1,3
79160_ATTTGTCTTGGGAGCT-1,5
79160_ATTTGTTCCAGGGCTC-1,2
79160_CAAACGAGTATCGCAG-1,4
79160_CAAACGGTCGCACTTT-1,1
79160_CAAACTCGCGACGCCG-1,3
79160_CAAAGATTATTGGGCC-1,3
79160_CAAATGTCCTTCCGTG-1,5
79160_CAACGACCCGTTTACA-1,1
79160_CAACTGCTCATCCGAT-1,6
79160_CAACTTGTAGTGGGCA-1,2
79160_CAAGAGGGCGGAGTAC-1,3
79160_CAAGATATTATAACGT-1,3
79160_CAAGCACCAAATGCCT-1,2
79160_CAAGCGGCACATAATT-1,3
79160_CAAGGATCGCATGTTC-1,6
79160_CAAGTGTGGTTGCAAA-1,3
79160_CAATAAACCTTGGCCC-1,2
79160_CAATATTCTTGACCTA-1,3
79160_CAATGCGAGAAGTATC-1,3
79160_CAATGGATCTCTACCA-1,7
79160_CAATTAAGGGTGATGA-1,9
79160_CAATTTCGTATAAGGG-1,7
79160_CACAATGAGCTGCTAT-1,6
79160_CACACGCGCTGTCTTA-1,5
79160_CACAGCACCCACGGCA-1,9
79160_CACAGCTAGGGAGTGA-1,14
79160_CACATAAGGCGACCGT-1,2
79160_CACATATTAGCAGGAT-1,3
79160_CACATCGTGCACGCGC-1,3
79160_CACATCTCACCGACGA-1,5
79160_CACATGATTCAGCAAC-1,4
79160_CACATTTCTTGTCAGA-1,3
79160_CACCATCGGAGGAGAC-1,1
79160_CACCCAAATCTTATGT-1,3
79160_CACCCGGTTTGTGACT-1,3
79160_CACCCTAACAAGATCT-1,5
79160_CACCCTTTCCTCGCTC-1,2
79160_CACCGCCAGAAGGTTT-1,14
79160_CACCGTTAGGGATCAC-1,3
79160_CACCGTTGCGCGATAT-1,4
79160_CACCTAATCAGTTTAC-1,1
79160_CACCTCGATGGTGGAC-1,1
79160_CACCTTGCGAAACTCG-1,1
79160_CACCTTGGCGCCTTTG-1,3
79160_CACGCACAGCGCAGCT-1,2
79160_CACGCAGCGAGGCTTT-1,2
79160_CACGCGGAACTGTTGC-1,3
79160_CACGTCGGCAACCTCT-1,9
79160_CACGTTCGTGCTCTAG-1,6
79160_CACGTTTCGTACACAC-1,6
79160_CACTAAAGTTGCCTAT-1,7
79160_CACTCAAGAGCTATGG-1,7
79160_CACTCCTATGTAAGAT-1,9
79160_CACTCGAGCTGAACAA-1,3
79160_CACTTAATCAGACGGA-1,7
79160_CAGAACTTAGCCCTCT-1,3
79160_CAGACACCGATCGCTG-1,9
79160_CAGACCTGTAAGTGTT-1,4
79160_CAGACGAACCTGATAC-1,3
79160_CAGAGACGGTCACCCA-1,3
79160_CAGAGCATGAGCTTGC-1,9
79160_CAGAGGCGATGCATGA-1,3
79160_CAGATACTAACATAGT-1,14
79160_CAGCAGCCCGTTCCTT-1,7
79160_CAGCAGTCCAGACTAT-1,10
79160_CAGCCTCCTGCAGAGG-1,2
79160_CAGCGATTCCCTTCAA-1,3
79160_CAGCTCACTGAGACAT-1,9
79160_CAGCTCGACAAGTTAA-1,4
79160_CAGCTCGTGCTTGTGT-1,9
79160_CAGGATATATCGTTGT-1,4
79160_CAGGCCGTTTGGGTGT-1,6
79160_CAGGCGCACGGTGGTC-1,3
79160_CAGGCGCCATGCTAGG-1,3
79160_CAGTAGCGAGGTAGTA-1,13
79160_CAGTCTCTCGGCTAAT-1,5
79160_CAGTCTGTATACTGGG-1,5
79160_CAGTGAATAAATGACT-1,2
79160_CAGTGTCGGCTGGCCC-1,4
79160_CAGTTCAAATTGACAC-1,9
79160_CATAACGGACAGTCGT-1,4
79160_CATAAGAAGCTTGGCT-1,6
79160_CATAATGAGCGGGCGA-1,14
79160_CATACACGGTTCCCAC-1,6
79160_CATACCCGTACCCAGT-1,3
79160_CATACGGCGTCTGGGC-1,7
79160_CATACTATGTAATTGT-1,1
79160_CATAGCGTTGCCCACC-1,3
79160_CATAGTCCACAAGAAC-1,4
79160_CATATAGGTACAGTCA-1,10
79160_CATCATTACCCTGAGG-1,5
79160_CATCCTCTCAAAGATC-1,10
79160_CATCGCCCGCGGCCAA-1,9
79160_CATCGGACGGGTTAAT-1,10
79160_CATCTTACACCACCTC-1,3
79160_CATGAACCGACATTTG-1,2
79160_CATGACTTCGCTGAAT-1,3
79160_CATGATGCACAATTCT-1,14
79160_CATGATGGAAGTTAGC-1,9
79160_CATGCGTTAGACAGAA-1,2
79160_CATGCTGGCTCCAATT-1,2
79160_CATGGCAGGAAGATCG-1,9
79160_CATGGGTATGCCTTAT-1,5
79160_CATGGTAAGTAGCGTT-1,3
79160_CATGGTCTAGATACCG-1,9
79160_CATGTAAGAGACATTT-1,5
79160_CATGTCTCATTTATGG-1,3
79160_CATTACGTCGGCCCGT-1,14
79160_CATTATGCTTGTTGTG-1,9
79160_CATTTAGCGGACCATG-1,7
79160_CATTTGAGTGGTACGT-1,9
79160_CCAAACAGAACCCTCG-1,2
79160_CCAAAGTCCCGCTAAC-1,2
79160_CCAAGAAAGTGGGCGA-1,3
79160_CCAAGACTTCTGCGAA-1,1
79160_CCAAGCGTAACTCGTA-1,7
79160_CCAAGGAACAGAGAGG-1,2
79160_CCAATAGTGCCGTCGA-1,1
79160_CCAATGTCACAGCAAG-1,7
79160_CCACAATGTACGTCTT-1,1
79160_CCACACTGAGATATTA-1,7
79160_CCACAGCTGAAATCAT-1,14
79160_CCACAGTACCCATCCT-1,3
79160_CCACCAACTTTACTGT-1,3
79160_CCACCCAAGGAAAGTG-1,7
79160_CCACGAATTTAACCTC-1,3
79160_CCACGGAGCCATAAGA-1,4
79160_CCACGGTGCCCGGTAG-1,3
79160_CCAGAAAGCAACTCAT-1,3
79160_CCAGATAGTTGAGTGA-1,7
79160_CCAGCCTGGACCAATA-1,7
79160_CCAGCTACGCCTCATA-1,9
79160_CCAGGGACGTGGCCTC-1,9
79160_CCAGTAGTCTGATCCA-1,7
79160_CCAGTCTAGACGGCGC-1,7
79160_CCAGTCTTGTCATAGA-1,6
79160_CCATAGGTTGGCGTGG-1,2
79160_CCATCGCAGTTAAACT-1,3
79160_CCATCTCACCAGTGAA-1,3
79160_CCATCTTGTTCACAAT-1,2
79160_CCATGCCTGTTTAGTA-1,7
79160_CCATTAGCGATAATCC-1,1
79160_CCATTCCCTGCCCACA-1,2
79160_CCATTTCTACCTATTA-1,3
79160_CCCAAACATGCTGCTC-1,5
79160_CCCAACATACGTCGCG-1,4
79160_CCCAATGAGATTTGCA-1,11
79160_CCCAATTTCACAACTT-1,3
79160_CCCAGTTAAGGCGCCG-1,4
79160_CCCGACCATAGTCCGC-1,5
79160_CCCGAGTTTCTCCGTA-1,4
79160_CCCGCAGCGCGAACTA-1,3
79160_CCCGCTTGCCCTCGTC-1,2
79160_CCCGTAAGTCTAGGCC-1,3
79160_CCCGTAGCTGGGAAGA-1,3
79160_CCCGTCAGCGTCTGAC-1,2
79160_CCCTCCTCGCTCGTAT-1,6
79160_CCCTGAAATGAGTTGA-1,1
79160_CCCTTCTCGTACGCGA-1,1
79160_CCCTTTGACAGGTCTT-1,3
79160_CCGAACCTTCCCGGCC-1,3
79160_CCGATCTCAACCTTAT-1,3
79160_CCGCACAAAGACCAAC-1,7
79160_CCGCATGTGGTACGAT-1,4
79160_CCGCCGGTCAACACAC-1,1
79160_CCGCGGAATGCGTCAC-1,3
79160_CCGCTATCAGCACCAG-1,3
79160_CCGCTTACCTCACTCT-1,3
79160_CCGCTTCGCGGTTAAC-1,2
79160_CCGGAGCGTACTTTCT-1,5
79160_CCGGCGCATATTGGAT-1,2
79160_CCGGGACCCGCAGAGA-1,1
79160_CCGGGCGGTCTCGTCA-1,1
79160_CCGGGCTGCTCCATAC-1,10
79160_CCGGGTTCGAGGTTAC-1,3
79160_CCGGTTTGTAATTGTG-1,9
79160_CCGTAAGTTGGTCCCA-1,7
79160_CCGTACCCAAGCGCCA-1,1
79160_CCGTATCTCGTCGTAG-1,4
79160_CCGTGCCCATGACGGC-1,1
79160_CCGTGTTAAATTCCAT-1,3
79160_CCTAAATTAACGGTTC-1,5
79160_CCTAACCCAAACAAGT-1,3
79160_CCTACATTCACAGACG-1,3
79160_CCTACTGCTTACACTT-1,7
79160_CCTAGGCGTAGCGATC-1,5
79160_CCTATAATGAGTGCCC-1,4
79160_CCTATACCGTCCTGTC-1,3
79160_CCTATGGGTTACCGTC-1,9
79160_CCTCATGCAGCTACGA-1,1
79160_CCTCGCGCTGTGCGAT-1,4
79160_CCTCGGACCGGGATAG-1,11
79160_CCTCTAATCTGCCAAG-1,2
79160_CCTCTATCGATTAGCA-1,4
79160_CCTCTCTCCCATCTAG-1,7
79160_CCTCTGTACTATTCTA-1,3
79160_CCTGAACGATATATTC-1,10
79160_CCTGAATATTTACATA-1,1
79160_CCTGACCACCGATGGT-1,3
79160_CCTGCTATTTGAGAAG-1,9
79160_CCTGGCTAGACCCGCC-1,2
79160_CCTGGTCGAATGTGGG-1,6
79160_CCTGTAAGACATGATA-1,5
79160_CCTGTCACCCGGGCTC-1,9
79160_CCTGTCGCCCGTAAAT-1,4
79160_CCTTCAGTTAAAGTGA-1,6
79160_CCTTCTTGATCCAGTG-1,1
79160_CCTTTAAGGGAGCACT-1,5
79160_CGAAACGCAATTCATG-1,3
79160_CGAACAGTATGGGCGT-1,5
79160_CGAACCCGCATGCGTC-1,3
79160_CGACAATTTGATCTAA-1,3
79160_CGACACGCTCCGACAG-1,3
79160_CGACAGTTCGCGTTAT-1,14
79160_CGACTTTGTATAGCCT-1,4
79160_CGAGACCCTAGAGTGT-1,11
79160_CGAGAGATGTGAACCT-1,9
79160_CGAGATGTTGCCTATA-1,7
79160_CGAGCGTTGATCAGCC-1,2
79160_CGAGCTGGGCTTTAGG-1,14
79160_CGAGGCTAAATATGGC-1,9
79160_CGAGGGACTGCGGTCG-1,6
79160_CGAGTACTAAAGAGGA-1,3
79160_CGAGTGAAGGTACCAG-1,3
79160_CGAGTGCTATAGTTCG-1,2
79160_CGAGTTCTGTCCCACC-1,7
79160_CGAGTTTATCGGACTG-1,4
79160_CGATAATACTCAGGTT-1,8
79160_CGATACCTCGCGGACA-1,7
79160_CGATATTAGCCGCAGG-1,1
79160_CGATCCGACCCAGTGC-1,7
79160_CGATTAAATATCTCCT-1,3
79160_CGATTCGCCTGGCTGC-1,5
79160_CGCAATTAGGGTAATA-1,7
79160_CGCACATGTCCACTAC-1,11
79160_CGCACGTGCGCTATCA-1,3
79160_CGCAGGCGATCCAAAC-1,6
79160_CGCATGGTGCGATGCT-1,7
79160_CGCATTAGCTAATAGG-1,9
79160_CGCCATCCGATTATGA-1,2
79160_CGCCCAGCACGCCTAG-1,6
79160_CGCCGCCCATGCCTGT-1,6
79160_CGCCTCCCTCCTCTAT-1,4
79160_CGCCTGGCCTACGTAA-1,3
79160_CGCGCAAGGAACTACA-1,5
79160_CGCGCATGTTTGATTG-1,9
79160_CGCGCCCGACTTAATA-1,1
79160_CGCGGCTCAACTTGAA-1,3
79160_CGCGGGAATTAGGCAG-1,4
79160_CGCGTTCATGAAATAC-1,9
79160_CGCTACCGCCCTATGA-1,2
79160_CGCTACGGGACATTTA-1,7
79160_CGCTAGAGACCGCTGC-1,3
79160_CGCTATTCTTAGGCTC-1,7
79160_CGCTCTCCGTAGATTA-1,1
79160_CGCTGAGGACGTCCAA-1,2
79160_CGCTGGTGACTACCCT-1,4
79160_CGCTGTGACGCCGCAC-1,2
79160_CGCTGTGTGGATGTTG-1,11
79160_CGCTTATTCCCGGTCG-1,4
79160_CGCTTTCATACCGGTG-1,1
79160_CGCTTTCTTGCATTCG-1,10
79160_CGGAAAGAATCAAACG-1,5
79160_CGGAACGTAAACATAG-1,4
79160_CGGAGCAATTTAATCG-1,3
79160_CGGAGCATGGCGATCC-1,7
79160_CGGCAAACATCGTGCG-1,3
79160_CGGCAGGGTCGGGTTG-1,7
79160_CGGCCACGCACAAAGT-1,1
79160_CGGCCCAGGTATATCC-1,3
79160_CGGCTCTAAAGCTGCA-1,8
79160_CGGGAATATAGTATAC-1,11
79160_CGGGAATTTATGTAAA-1,3
79160_CGGGAGCTTCAGTGTA-1,3
79160_CGGGATCAATGTAAGA-1,1
79160_CGGGCAGCTAAACCGC-1,1
79160_CGGGCCTTCTTTGTAA-1,7
79160_CGGGTGTACCCATTTA-1,10
79160_CGGTACTAGAATCAAA-1,4
79160_CGGTCAAGTGGGAACC-1,2
79160_CGGTGCAGATAGAACG-1,4
79160_CGGTGCGCGTTGGTCC-1,3
79160_CGGTTATCCAACAGTG-1,3
79160_CGGTTCCGGCTTCTTG-1,1
79160_CGTACCTGATAGGCCT-1,1
79160_CGTATTAAGAGATCTA-1,9
79160_CGTCACGTCCATTGGT-1,4
79160_CGTCAGTGCGCACAAG-1,1
79160_CGTCGGATAGTGTTGA-1,4
79160_CGTCGTCCTTCGCGAA-1,11
79160_CGTCTGGAAGGGCCCG-1,14
79160_CGTGAAGTTAATTCAC-1,7
79160_CGTGCAGACTGGGACA-1,10
79160_CGTGCATTGTCGACGC-1,4
79160_CGTGCCCTCCCGAAGA-1,3
79160_CGTGGCCGAATATCTA-1,4
79160_CGTGTCCCATTCGCGA-1,2
79160_CGTGTCTCGTTACGAC-1,0
79160_CGTTAAACTAGTTAGG-1,4
79160_CGTTGAATACCGCGCT-1,5
79160_CGTTGAGCGACCGTCG-1,3
79160_CGTTGTTTCAATTCCC-1,1
79160_CGTTTAAGCGGAGCAC-1,1
79160_CGTTTCGCTCATTACA-1,7
79160_CGTTTGTGTAGAGGGT-1,3
79160_CTAAACGGGTGTAATC-1,2
79160_CTAAAGAATGCCTACT-1,4
79160_CTAAAGGGAAATAGGA-1,4
79160_CTAAATCCGGTGTACA-1,3
79160_CTAAATCCTATTCCGG-1,7
79160_CTAACCGCGCGCCCGT-1,3
79160_CTAACGAAACTTGCTG-1,4
79160_CTAACTGGTCCGGTTC-1,3
79160_CTAAGGGAATGATTGG-1,3
79160_CTACAAGAAATAACCC-1,3
79160_CTACACTAGCTTGTTC-1,2
79160_CTACCCTAAGGTCATA-1,9
79160_CTACGACTAGCTATAA-1,4
79160_CTACGCACGGAGTACC-1,10
79160_CTACTATCTTTCAGAG-1,4
79160_CTACTCAAGGTATAGT-1,5
79160_CTACTGCCACCTGACC-1,9
79160_CTAGATGTGAGTGTAA-1,4
79160_CTAGATTTACGACGGC-1,4
79160_CTAGCAACTAATTTAC-1,2
79160_CTAGCATAGTATAATG-1,7
79160_CTAGGCGCCCTATCAG-1,3
79160_CTAGGCGGCAGAGAAT-1,5
79160_CTAGGTCTGAAGGAAT-1,3
79160_CTAGGTTCGGACGTGA-1,6
79160_CTAGTCACGTCTTAAG-1,7
79160_CTAGTGAAGGACAGGA-1,1
79160_CTAGTTACAACCCGGT-1,3
79160_CTAGTTGGGCCCGGTA-1,9
79160_CTATCGACGAAATACA-1,5
79160_CTATCGGGTCTCAACA-1,4
79160_CTATGTCACTAGCCCA-1,9
79160_CTATGTCTATTGAAAC-1,2
79160_CTATTCATGTGTCCCA-1,3
79160_CTATTTGGTTACGGAT-1,6
79160_CTCAAACCACTGCCCG-1,9
79160_CTCACTTGGCTGGTAA-1,3
79160_CTCATGGCTCACAATC-1,14
79160_CTCATGGTAATTTGCG-1,4
79160_CTCATTTGATGGGCGG-1,2
79160_CTCCCTCCTTTCGATC-1,4
79160_CTCCGCCCACATGAGG-1,5
79160_CTCCGGCCTAATATGC-1,1
79160_CTCGAGGTCGAACAGT-1,9
79160_CTCGCACCTATATAGT-1,2
79160_CTCGCCGAATGTAGGG-1,6
79160_CTCGGTACCACTGCTC-1,5
79160_CTCGGTCCGTAGCCTG-1,1
79160_CTCGGTTGTCGGCCCT-1,3
79160_CTCTATTTGGCTGCAG-1,9
79160_CTCTCACAATCGATGA-1,2
79160_CTCTGCGAAGCAAGCA-1,1
79160_CTCTGGACGCCTGGTG-1,1
79160_CTCTTCTATTGACTGG-1,3
79160_CTCTTCTGGAAGTTAG-1,11
79160_CTCTTGTCCCGCTTGG-1,9
79160_CTGAAAGAGATCCGAC-1,2
79160_CTGAATCCGAGACCTC-1,9
79160_CTGACTGCGCAGCTCG-1,3
79160_CTGCACAACTACATAT-1,3
79160_CTGCACCTGGAACCGC-1,1
79160_CTGCACTCCAGTACAG-1,3
79160_CTGCCATGCATCACAT-1,7
79160_CTGCTGAGGCCACGAA-1,3
79160_CTGCTTGGCGATAGCT-1,3
79160_CTGGAAATGGATGCTT-1,7
79160_CTGGAAGACACGGTGG-1,3
79160_CTGGATTTACACTTGA-1,3
79160_CTGGCGCACAGGTCTG-1,11
79160_CTGGCTCCTGCGGGAT-1,13
79160_CTGGCTGATTCATCCT-1,3
79160_CTGGCTGGTTGTCAGT-1,3
79160_CTGGGATAAATAATGG-1,10
79160_CTGGGCCTGCTATATC-1,3
79160_CTGGGTAGGCAGTTAA-1,4
79160_CTGGTAACACATAGAA-1,3
79160_CTGGTTCAACGCATCA-1,1
79160_CTGGTTTCGAGCAAGA-1,3
79160_CTGTACTTCTTAGCAT-1,7
79160_CTGTAGCCATCTCACT-1,3
79160_CTGTGCAGGGTAGGTC-1,11
79160_CTGTGGTCGGGAGATA-1,10
79160_CTGTTACCCAATCTAG-1,3
79160_CTGTTCACTGCCTGTG-1,9
79160_CTTACACGGTATTCCA-1,7
79160_CTTACACTGGGAAATA-1,2
79160_CTTAGCCTTCCACATG-1,7
79160_CTTAGTAGGCCTACAG-1,4
79160_CTTCATTGTCAGTGGA-1,1
79160_CTTCCGCTCCGTGAAG-1,3
79160_CTTCGGCCAATTGTTT-1,10
79160_CTTCGTAGATAGGTGA-1,7
79160_CTTCTATGTTGAAGTA-1,4
79160_CTTCTATTAATGCTAG-1,3
79160_CTTCTTACGTCGTATA-1,1
79160_CTTGAGTTAGGGTAAT-1,3
79160_CTTGCAACCGCCTCCT-1,4
79160_CTTGCCCAGGCTCTAC-1,11
79160_CTTGTACTTGTTGACT-1,1
79160_CTTGTCAACATTCGAG-1,3
79160_CTTGTCGTACGTGTCA-1,2
79160_CTTGTGAGTCTTTGAC-1,2
79160_CTTGTTGCTGAGTCAA-1,6
79160_CTTTAACTTTCAAAGG-1,2
79160_CTTTAATATTGGTCGA-1,3
79160_CTTTACCGAATAGTAG-1,9
79160_CTTTAGGAACACTGTT-1,4
79160_CTTTAGTGCTATTATT-1,9
79160_CTTTCTGTGCGGGCTT-1,3
79160_CTTTGGCTTTAGTAAA-1,2
79160_CTTTGGGATTGTTGCA-1,10
79160_GAAACAGATGACCACC-1,3
79160_GAAACAGCCATGCAGT-1,7
79160_GAAACCGAATTACCTT-1,5
79160_GAAACCTATACAAATG-1,6
79160_GAAAGAACAGCGTTAT-1,3
79160_GAAAGCAGTGCACTTT-1,9
79160_GAAATCGCGCGCAACT-1,1
79160_GAAATGGCGGTGTTAG-1,7
79160_GAAATTCACATCGCTG-1,2
79160_GAAATTGTCTCTATAA-1,10
79160_GAACACACATCAACCA-1,2
79160_GAACAGATTACTAAAT-1,5
79160_GAACCCTCTGTGTTCT-1,10
79160_GAACGACCGAATGATA-1,14
79160_GAACGTCTCATGGTCG-1,5
79160_GAAGAAACGATATTGT-1,3
79160_GAAGAACGGTGCAGGT-1,1
79160_GAAGCAAGGCAATGTT-1,5
79160_GAAGCGTGAGGAATTT-1,1
79160_GAAGTCAGTTGCACTA-1,3
79160_GAAGTCTCCCTAGCGA-1,4
79160_GAAGTGATTTATCGTG-1,7
79160_GAAGTGCTGGATAGCT-1,1
79160_GAAGTTTCCACTCAAT-1,1
79160_GAATAGACGCGACCCA-1,3
79160_GAATAGTGCTCGATTA-1,3
79160_GAATCGACATGGTCAC-1,2
79160_GAATCGCCGGACACGG-1,2
79160_GAATCTGAACATTCTC-1,7
79160_GAATGTGGTCCGGATT-1,4
79160_GAATGTTGGGTAATCT-1,14
79160_GAATTATAGTGAAAGG-1,1
79160_GAATTCACCCGGGTGT-1,3
79160_GACAAACATATGCAGG-1,3
79160_GACAACGACCATTGAA-1,7
79160_GACAACGCAGCTTACG-1,1
79160_GACACAAGGGAAGAAA-1,1
79160_GACACTGAGTTCAGTG-1,10
79160_GACAGCCAGACCTGAC-1,4
79160_GACATCGATTTATAAC-1,3
79160_GACCAGAGCCCTGTAG-1,7
79160_GACCGCGTCTGACGTG-1,6
79160_GACCGTGCTGACGGTG-1,7
79160_GACGACGATCCGCGTT-1,3
79160_GACGCCGTAAAGGCTA-1,3
79160_GACGCCTGTTGCAGGG-1,5
79160_GACGCTTGCTTCTAAA-1,4
79160_GACGGGTTGGCCCGTA-1,6
79160_GACGGTCAATAGAAGC-1,3
79160_GACGTGAGACTCCATG-1,9
79160_GACTAAGATCATGCAC-1,9
79160_GACTAAGTAGGCTCAC-1,1
79160_GACTCACCCACGTGAG-1,3
79160_GACTGCAAATCGAGCT-1,6
79160_GACTGCACCAGCCCAG-1,3
79160_GAGACTGATGGGTAGA-1,9
79160_GAGACTTCGCGACCGA-1,3
79160_GAGAGGGCGCGAGGTT-1,6
79160_GAGAGGTGCATTCTGG-1,3
79160_GAGATCTGCTTGGCAT-1,1
79160_GAGATCTGTCACTCCG-1,1
79160_GAGATCTTCCATGACA-1,3
79160_GAGATGGGAGTCGACA-1,3
79160_GAGCACCTGTGTCCAG-1,6
79160_GAGCATCATCCCTGGG-1,1
79160_GAGCCACGGTAGTAGG-1,2
79160_GAGCCAGCTACCTGTG-1,4
79160_GAGCGAGGGAGTACCG-1,1
79160_GAGCGCAAATACTCCG-1,6
79160_GAGCGCGCACGAGTAG-1,4
79160_GAGCTAAGGGCATATC-1,1
79160_GAGGATAAACAGTGCT-1,3
79160_GAGGCTATCAAAGTCG-1,4
79160_GAGGGCATCGCGTATC-1,1
79160_GAGGGCGCAGCTCTGC-1,7
79160_GAGTACGGGTATACAA-1,1
79160_GAGTATGCCCGCCTTG-1,3
79160_GAGTCAGACCAGAATC-1,3
79160_GAGTCCGCTTACCGGA-1,3
79160_GAGTGTGCGGTACCCA-1,3
79160_GATAAATCGGTGGATG-1,1
79160_GATAACTCGCACTGTG-1,4
79160_GATACGATGGGAGTCA-1,5
79160_GATAGGTAACGTTGAC-1,3
79160_GATATCTCATGCAATA-1,1
79160_GATATGAGACACTAAC-1,10
79160_GATATTGAGATTGGCG-1,3
79160_GATCAACATAAAGGGA-1,3
79160_GATCATTCCAAACATT-1,9
79160_GATCCCTTTATACTGC-1,1
79160_GATCCGGGAATTAACA-1,7
79160_GATCCTCGACACTGGC-1,3
79160_GATCGACACTATCTGA-1,9
79160_GATCGCGGGCTCTCCA-1,7
79160_GATCGCTACCCGATTT-1,5
79160_GATCGGTGGCCATAAC-1,9
79160_GATCGTGACTGATATC-1,7
79160_GATCTTGGAGGGCATA-1,3
79160_GATCTTTGCAGGGTAT-1,4
79160_GATGACAAGTAGGGCA-1,3
79160_GATGATTTGAAACTGG-1,1
79160_GATGCCACACTACAGC-1,2
79160_GATGCGTCCTGCATTC-1,1
79160_GATGCTACAAGCGCCT-1,2
79160_GATGCTGTATTTCATC-1,4
79160_GATGTCCGGATCACAT-1,1
79160_GATGTTCAATCCACGA-1,6
79160_GATTAACCGAAAGCCC-1,6
79160_GATTAATCCTGGCTCA-1,5
79160_GATTACTGAATTTGGG-1,6
79160_GATTCCCTTGTCGCAG-1,1
79160_GATTCGACGGTTCACG-1,5
79160_GCAAACCCTACATTAT-1,9
79160_GCAAACCTTGGCCATA-1,11
79160_GCAAATATTACGCTTT-1,2
79160_GCAACAGCAGTATGCG-1,4
79160_GCAACCACGGCCGCGT-1,4
79160_GCAACGGCTAGTTATG-1,3
79160_GCAAGAATTCCTTGGC-1,4
79160_GCAAGTGCACAGAGAA-1,1
79160_GCACGCCTACTTAGAT-1,3
79160_GCACTAGTCGCGCTAT-1,9
79160_GCACTGTGCAAATGTA-1,14
79160_GCAGACCCAGCACGTA-1,3
79160_GCAGATCCATAAGACT-1,3
79160_GCAGATTAGGGATATC-1,4
79160_GCAGCACACAGCCCAG-1,6
79160_GCAGCGGTGGGCATTA-1,9
79160_GCAGGACTATAGAATA-1,4
79160_GCATAGAGCACTCAGG-1,4
79160_GCATCGGCCGTGTAGG-1,10
79160_GCATGAGGGACGCGGC-1,11
79160_GCCACAATTTAAGGAC-1,4
79160_GCCATCGAGCTGCGTG-1,3
79160_GCCCACCAAGGCTGTC-1,1
79160_GCCCGATCTGTGGTCG-1,3
79160_GCCCGCGCGTAAACGG-1,3
79160_GCCCGTAATACCTTCT-1,7
79160_GCCGAAATTCCTACGT-1,2
79160_GCCGATTGGCCAAGCT-1,10
79160_GCCGCTTGTGAGAAAC-1,9
79160_GCCGGGTTAGGGTCGC-1,7
79160_GCCGGTTTGGGCGGAT-1,1
79160_GCCTATAGTGTCAGGG-1,7
79160_GCCTATTTGCTACACA-1,14
79160_GCCTCATCTGGAAATA-1,3
79160_GCCTCTATACATAGCA-1,9
79160_GCCTTCAGCCCTACCG-1,1
79160_GCGAAACTTAACTGGA-1,3
79160_GCGAAGCCATACCCGT-1,9
79160_GCGACATGTAAACATC-1,3
79160_GCGACCCAACCATCTG-1,3
79160_GCGACGATAGTTGTAC-1,3
79160_GCGAGAGTTGCGTCCA-1,3
79160_GCGAGCGCATGCTCCC-1,4
79160_GCGAGGCCCGAGCAGA-1,7
79160_GCGAGTTCTGCAAAGA-1,6
79160_GCGATTGTTAACGTTA-1,7
79160_GCGCAAATATATTCAA-1,3
79160_GCGCAAGAGCGCGCTG-1,3
79160_GCGCATCCAGTCAGCA-1,4
79160_GCGCCGTTCCACGATA-1,10
79160_GCGCCTCCCACTCCGA-1,4
79160_GCGCGATGGGTCAAGT-1,2
79160_GCGCGTCATTGGTACA-1,10
79160_GCGCTAATTGAATAGA-1,7
79160_GCGCTATGCCGAGGCA-1,6
79160_GCGGACCGCGTTGTGG-1,3
79160_GCGGAGAAACTTCGCA-1,3
79160_GCGGAGAGGGAGAACG-1,3
79160_GCGGCAAAGTATTGCC-1,3
79160_GCGGCTCTGACGTACC-1,11
79160_GCGGGAACCAGGCCCT-1,2
79160_GCGGGCGAGCCTTACC-1,3
79160_GCGGTCCCTAGACGCA-1,9
79160_GCGGTTCCCTATCATG-1,4
79160_GCGTAAATGGCCATAA-1,3
79160_GCGTCCAGCTCGTGGC-1,2
79160_GCGTCGAAATGTCGGT-1,2
79160_GCGTCGCCAGGGTGAT-1,9
79160_GCGTCTCTGCATTGGG-1,6
79160_GCGTGGTACTGGGTTA-1,4
79160_GCTAAGTAGTTTCTCT-1,7
79160_GCTAATACCGAATGCC-1,1
79160_GCTACGACTTATTGGG-1,4
79160_GCTACTATAGTAGAGT-1,4
79160_GCTAGACCGTCTACTG-1,3
79160_GCTAGCTTGAATAGCT-1,3
79160_GCTAGGCACCACGGAG-1,4
79160_GCTAGTAGAGCTTGTA-1,7
79160_GCTATACGTCTCGGAC-1,3
79160_GCTATCATACTCATGG-1,3
79160_GCTCAATCCGTTTATT-1,3
79160_GCTCCCAGTCGGTCCA-1,3
79160_GCTCCGCTCGCTTCAG-1,3
79160_GCTCCTGACATACTGG-1,3
79160_GCTCGCTCATGTCCAA-1,3
79160_GCTCTAAACCCTGACG-1,5
79160_GCTCTATGTTACGTGC-1,2
79160_GCTCTCGGGTACCGAA-1,9
79160_GCTGAGGCGTGAGTAT-1,7
79160_GCTGCACGGTTTCTTA-1,5
79160_GCTGCTAAGTAGTCGA-1,3
79160_GCTGCTACTGCGTAGC-1,3
79160_GCTGCTCTCCGGACAC-1,1
79160_GCTGGCGGCGCATGCT-1,3
79160_GCTGTATTACTGGCCC-1,3
79160_GCTGTTGCTACCGAAC-1,3
79160_GCTTAATGTAACTAAC-1,4
79160_GCTTATGAAGCAGGAA-1,5
79160_GCTTCCGTCCCTAGAC-1,1
79160_GCTTGGATCGATTAGG-1,4
79160_GCTTTCAGAGGAGGTG-1,4
79160_GGAACCGTGTAAATTG-1,3
79160_GGAATGCGCTAGCGTG-1,6
79160_GGACCAACAGGATAAC-1,3
79160_GGACCTCTAGGCCGCC-1,3
79160_GGAGAAGTCATTGGCA-1,1
79160_GGAGACGACACCTTTG-1,4
79160_GGAGCACCAAGAACTA-1,1
79160_GGAGGCCGAAGTCGTC-1,3
79160_GGAGGGCTTGGTTGGC-1,1
79160_GGAGTGCCGCCCTGGA-1,1
79160_GGATACTCATGAATTG-1,2
79160_GGATCCGGAATATACT-1,6
79160_GGATGAAGATCGCTGA-1,3
79160_GGATGACGCGAGTTTA-1,1
79160_GGATGTCCTTACCGCA-1,11
79160_GGATTTCACTTCTATA-1,6
79160_GGCAAAGGCGCCAATA-1,3
79160_GGCAAATTACTTTACT-1,7
79160_GGCAAGGCGAAATAGC-1,3
79160_GGCAATAGTCAATGAG-1,9
79160_GGCACTCCACTGGGCA-1,1
79160_GGCAGCAAACCTATGC-1,6
79160_GGCCACAAGCGATGGC-1,2
79160_GGCCGAGACTCTGGTG-1,3
79160_GGCCGTTTGGGTTTCA-1,5
79160_GGCGAAATCTAACTTG-1,3
79160_GGCGCAGGACATCTTC-1,4
79160_GGCGCATGAATTGATG-1,6
79160_GGCGCGTTCGAGTTTA-1,9
79160_GGCGGAGTAATATTAG-1,7
79160_GGCGGTAGGATCATTG-1,1
79160_GGCTATTAAGTTGTAT-1,2
79160_GGCTCCTCCACCTGTT-1,3
79160_GGCTCGCGTTGAGGTA-1,7
79160_GGCTCTGCTCCAACGC-1,1
79160_GGCTGAAATAGCAAAG-1,3
79160_GGCTTTCAATAAGGGT-1,6
79160_GGGAACCACCTGTTTC-1,1
79160_GGGAACGGGAGGTTAG-1,11
79160_GGGACCCGTATATCTT-1,11
79160_GGGACTGCATAGATAG-1,1
79160_GGGAGAACTCACAGTA-1,9
79160_GGGAGGATGCCCGAAA-1,7
79160_GGGAGTAATGGCTGGC-1,2
79160_GGGAGTTAATGAGGCG-1,1
79160_GGGATGGTCGTAACCG-1,4
79160_GGGATTTACCGCACCT-1,3
79160_GGGCAGAGCAATCGTT-1,5
79160_GGGCCCGTCTTAAACA-1,6
79160_GGGCCGGCCGAAGTAC-1,6
79160_GGGCGATATGTGTGAA-1,9
79160_GGGCGGCAAATGAATT-1,3
79160_GGGCGGGTTCCCTACG-1,4
79160_GGGCGTACATTTATAT-1,2
79160_GGGCGTCACCACGTAA-1,3
79160_GGGCTATGATCGATGG-1,11
79160_GGGCTGCCTAGGGCGA-1,1
79160_GGGCTGGTTAGTCGCG-1,7
79160_GGGTACTTCATGAACT-1,11
79160_GGGTCACCGTGACGGT-1,1
79160_GGGTGACACCTTAACT-1,4
79160_GGGTGTTTCAGCTATG-1,14
79160_GGGTTAACATTTGAGT-1,3
79160_GGGTTTAGGATAGGAT-1,3
79160_GGTAACCGGGAGGATA-1,3
79160_GGTAACTATGTATCTG-1,1
79160_GGTACAAACATGCTAT-1,7
79160_GGTAGAAGACCGCCTG-1,3
79160_GGTAGACCGTTGGGCG-1,3
79160_GGTAGTGCTCGCACCA-1,8
79160_GGTATTGCCGAGTTTA-1,7
79160_GGTCACGTTAGATTCA-1,1
79160_GGTCAGTGGGTCCCAC-1,3
79160_GGTCGGCCAGGAGCTT-1,10
79160_GGTCGGTAATTAGACA-1,1
79160_GGTCGGTCGTCCACAG-1,3
79160_GGTCTCTGAATGGACT-1,3
79160_GGTCTGAGAATCTGGA-1,7
79160_GGTGAACGGGCTAGCC-1,9
79160_GGTGAAGTACAGGGAT-1,3
79160_GGTGATAAGGAGCAGT-1,7
79160_GGTGATTTCATCTTGT-1,2
79160_GGTGCGGATAAGTGGC-1,1
79160_GGTGCTGGTACACATT-1,6
79160_GGTGGACTGCTCTGGC-1,5
79160_GGTTACCACCCTCGGG-1,3
79160_GGTTAGCTATATGTCT-1,9
79160_GGTTCTACTCGTCTGA-1,3
79160_GGTTTACAATCTCAAT-1,2
79160_GGTTTAGCCTTTCTTG-1,4
79160_GGTTTCAATCGGTCAG-1,11
79160_GGTTTGAGTGCTGGAA-1,1
79160_GTAACTTGCGGCAGTC-1,2
79160_GTAAGCGGGCAGTCAG-1,2
79160_GTAAGTAACAGTCTGG-1,5
79160_GTAATAAAGGGCTCCC-1,3
79160_GTAATCTGATTCTTCG-1,3
79160_GTACACTTACCTGAAG-1,4
79160_GTACAGAGGCAAGGGT-1,6
79160_GTACGAGATTGCGACA-1,14
79160_GTACGCTTCATTGCAC-1,3
79160_GTACGTTTGCCCGTCA-1,4
79160_GTACTAAGATTTGGAG-1,1
79160_GTACTCCCTTATCGCT-1,4
79160_GTACTGAGGTCGTAAC-1,2
79160_GTACTGCATGAAGCGT-1,1
79160_GTACTGGAGTTAGACC-1,7
79160_GTAGACGTCGTTACAT-1,1
79160_GTAGAGGGAGACAAGT-1,3
79160_GTAGCCAAACATGGGA-1,9
79160_GTAGCGGCTATACACT-1,7
79160_GTAGCTTCCTCTTGTT-1,11
79160_GTAGTCGCGGGAATCA-1,3
79160_GTAGTTCGAAGGCGAA-1,11
79160_GTATAGGACTCAGTAG-1,1
79160_GTATCTTTCATAACCA-1,3
79160_GTATGACGTGGGAAAC-1,1
79160_GTATGTGGGTCTAGTT-1,4
79160_GTATTCTGAGAAACGA-1,3
79160_GTCAAGCGGACTCGGG-1,2
79160_GTCAATTGTACTGAAG-1,1
79160_GTCATGCACCTCCGTT-1,9
79160_GTCATGGACATGACTA-1,9
79160_GTCATTAGAGCGAACG-1,7
79160_GTCCATTACTGCTACG-1,3
79160_GTCCCAACGTAAAGTA-1,1
79160_GTCCCGCGACGTTATG-1,6
79160_GTCCGGACCTGAAATT-1,5
79160_GTCCGGCTGAATTGCG-1,7
79160_GTCCTACGAATAGTCT-1,5
79160_GTCGCCGTTGTGTGTT-1,4
79160_GTCGCGTAACCCGTTG-1,6
79160_GTCGGGAAGCAGAAAC-1,10
79160_GTCGTACCATCTCGGG-1,3
79160_GTCGTCAATTATAAGG-1,1
79160_GTCGTTATTCGCTTAT-1,3
79160_GTCTATCTGAGTTTCT-1,6
79160_GTCTATTGGTTCCGGT-1,3
79160_GTCTCAAGGCCCGGCT-1,6
79160_GTCTGGGCGGTCGAGA-1,11
79160_GTCTTGTAGCTATTCA-1,3
79160_GTGAAACGTGCTCCAC-1,1
79160_GTGACCGCACACTACG-1,4
79160_GTGACTTCAGTAGTGC-1,11
79160_GTGAGGACACTTAAGG-1,5
79160_GTGAGTGGTACAACGC-1,3
79160_GTGATCACTAACGCCT-1,4
79160_GTGATCATAGATCTGC-1,4
79160_GTGATTCGCCGCTCAA-1,3
79160_GTGCAACAAATGTGGC-1,5
79160_GTGCACGAAAGTGACT-1,1
79160_GTGCCATCACACGGTG-1,9
79160_GTGCCCGTTCGGATTC-1,5
79160_GTGCCGCTTCAAAGGT-1,5
79160_GTGCGAAATCGAACAC-1,5
79160_GTGCGACAGGGAGTGT-1,3
79160_GTGCGCAGCTTGCTCC-1,1
79160_GTGCGGGACCATCGGC-1,2
79160_GTGCGGGTCTCCAAAT-1,2
79160_GTGCGTGTATATGAGC-1,9
79160_GTGCTCAAGTACTGTC-1,7
79160_GTGGACCAACCCGATT-1,4
79160_GTGGACGCATTTGTCC-1,9
79160_GTGGAGTCGGCGGTTG-1,3
79160_GTGGGCTTAGACACAC-1,1
79160_GTGGTATAGTCTGCCG-1,3
79160_GTGGTGGCCAAGTGAA-1,3
79160_GTGGTTTCCGCCTTTC-1,3
79160_GTGTACCTTGGCTACG-1,7
79160_GTGTATATCAGCGGGC-1,10
79160_GTGTATGACTTTAAAG-1,1
79160_GTGTCGTATAGCGTTC-1,9
79160_GTGTGAATAACTTAGG-1,6
79160_GTGTGAGCCGAGGTGC-1,2
79160_GTGTTACTATGCGTCC-1,5
79160_GTTAAAGTAGGACTGG-1,3
79160_GTTAACATCACTTAAA-1,3
79160_GTTAACTATGTTGTCA-1,3
79160_GTTACAATTGGTGACG-1,3
79160_GTTACCTACAACTTGC-1,3
79160_GTTACGAAATCCACGC-1,2
79160_GTTACGGCCCGACTGC-1,2
79160_GTTACTTTGGGCCTAG-1,6
79160_GTTATATTATCTCCCT-1,3
79160_GTTCATCGTTTGGCTG-1,3
79160_GTTCCAGTCTGACCAT-1,1
79160_GTTCGCCATAAGTGCC-1,7
79160_GTTCGGATCGGGAACA-1,3
79160_GTTCGTCTAAAGAACT-1,3
79160_GTTCGTTGCGGACCAG-1,2
79160_GTTCTTCCCTCGATGT-1,5
79160_GTTGAACCGGTTCCAT-1,6
79160_GTTGAGTCCCGCCGGT-1,3
79160_GTTGCACGGAGTTTCG-1,1
79160_GTTGGATTGAGAACAC-1,5
79160_GTTGGATTTGCGTTGG-1,4
79160_GTTGGTCATGCTATCC-1,3
79160_GTTGTCGTGTTAGTTG-1,2
79160_GTTTACGTTCCATCTG-1,3
79160_GTTTCATATCGTCGCT-1,4
79160_GTTTCCTGGAGGGTGA-1,7
79160_GTTTCTGCAGTCTCCC-1,10
79160_GTTTGACCAAATCCTA-1,9
79160_GTTTGAGCGGTTATGT-1,5
79160_GTTTGGCCCAAGTTAT-1,4
79160_GTTTGGGCTTGTGAGC-1,3
79160_GTTTGGTAGGGTCAAC-1,3
79160_GTTTGGTGATCGGTGC-1,11
79160_TAAACCCAGGAGGGCA-1,3
79160_TAAAGAGCCCGAAACC-1,2
79160_TAAAGCGTTAGGAGAA-1,4
79160_TAACATACAATGTGGG-1,7
79160_TAACATACACGCGATC-1,3
79160_TAACCGCCCGCAGTGC-1,2
79160_TAACCTACCGTCCGAG-1,4
79160_TAACTCATCCGCGCGG-1,6
79160_TAAGATTTAGCGGGAG-1,7
79160_TAAGGCAACATAAGAT-1,2
79160_TAAGGCATAACATCAA-1,11
79160_TAAGGCTGAATCCCTC-1,3
79160_TAAGTAACATCTTGAC-1,4
79160_TAAGTCGCCGAGTATC-1,3
79160_TAAGTTGCGACGTAGG-1,10
79160_TAATACACAGTAGTAT-1,1
79160_TAATAGAACAGAGTTA-1,3
79160_TAATAGTGACGACCAG-1,7
79160_TAATATTGAAATTCGC-1,2
79160_TAATTAGATGGATATG-1,1
79160_TAATTAGGACATCCGT-1,3
79160_TACAACGCACAACTCA-1,7
79160_TACAATGAAACCAGCA-1,2
79160_TACATAGGCATACACC-1,7
79160_TACATTTCTAACGTGC-1,7
79160_TACCAAATAGCCCAGA-1,10
79160_TACCAATAAAGTACCA-1,5
79160_TACCAGAAGTAGGTTC-1,3
79160_TACCGCGGACTTGCAG-1,4
79160_TACCGGCTCACTGCCC-1,3
79160_TACCGGTCGTTTCCAT-1,3
79160_TACCGTAGGTTAACTA-1,6
79160_TACCGTGCCTCGGACC-1,3
79160_TACCTACTCCCAGTAT-1,5
79160_TACCTCACGCTTGTAC-1,9
79160_TACCTCAGTTGTCTGT-1,10
79160_TACCTTAAGATTTCCC-1,4
79160_TACGAACACGACTTCA-1,2
79160_TACGACGCTTGCTGCG-1,4
79160_TACGACTGCCTCTTAG-1,3
79160_TACGAGAACTTCACGT-1,1
79160_TACGATGTTGATCATC-1,4
79160_TACGCAGTTCTTTCCT-1,7
79160_TACGCCATATTCTAAT-1,7
79160_TACGCCGAGGGTACCC-1,9
79160_TACGCCTCCATTCCGA-1,3
79160_TACGCTATAGAAACCT-1,3
79160_TACGTACTAGTGCTGA-1,5
79160_TACGTTTACCGGCAAT-1,3
79160_TACTATGGTTCCTCAG-1,4
79160_TACTCTTTCGTCTTCA-1,5
79160_TACTGAACAGATTTAG-1,3
79160_TACTGGACAGCTCGGC-1,4
79160_TACTTGTTAGTAGTCC-1,5
79160_TACTTTACTGAGCCGG-1,4
79160_TAGAAAGGTGGCGCTA-1,1
79160_TAGACGCCCGTACCGG-1,11
79160_TAGACTACCTAGCGTT-1,3
79160_TAGAGATCATGCAACT-1,4
79160_TAGAGCTACGAAGAAC-1,1
79160_TAGAGGTTCTACTTGT-1,6
79160_TAGAGTCTAAGCGAAC-1,2
79160_TAGATATGGACTGGAA-1,3
79160_TAGCCATTTCAAAGTC-1,3
79160_TAGCCGGCGGTCAGCG-1,10
79160_TAGCGTCCCTCGATTG-1,3
79160_TAGCGTCCGGTGTGGT-1,3
79160_TAGCGTTGGGTCTTAC-1,4
79160_TAGCTAAGTCCGGGAG-1,9
79160_TAGCTAGAAGGCATGA-1,3
79160_TAGCTAGTGATGATGG-1,10
79160_TAGCTCGCCTGATAAC-1,3
79160_TAGGGAGCTTGGGATG-1,4
79160_TAGGGTGTTTCAAGAG-1,9
79160_TAGGTCGCCGGAACTG-1,4
79160_TAGGTGCTCGCCTAGC-1,11
79160_TAGGTGTTCCACAGAT-1,6
79160_TAGGTTCGAGTTCGTC-1,1
79160_TAGTAGCTTATACCAG-1,6
79160_TAGTCCGCAGAGAATG-1,7
79160_TAGTCGATCACGGGTT-1,4
79160_TAGTCTAACAACGAGA-1,3
79160_TAGTGAGAAGTGGTTG-1,2
79160_TAGTGCCCTCCAGAGT-1,9
79160_TAGTTTATTCTTGCTT-1,2
79160_TATACACAGACGCCTT-1,3
79160_TATAGATGGTCGCAGT-1,3
79160_TATATATCGAGAAATG-1,3
79160_TATATCCCTGGGAGGA-1,3
79160_TATCCAATTGGTTATC-1,4
79160_TATCCATATCATGCGA-1,1
79160_TATCCGCACCGTCGGG-1,6
79160_TATCCTGCATGGGAAT-1,2
79160_TATCGATGATTAAACG-1,2
79160_TATCTACCACAGCGGG-1,10
79160_TATGATTCTGCTTGGT-1,2
79160_TATGCTCCCTACTTAC-1,9
79160_TATGGAGTTTCTCGTT-1,2
79160_TATGGATGTGCTACGC-1,9
79160_TATGGGACCGAGCAGG-1,1
79160_TATGGGTACGTATCGT-1,9
79160_TATGGTCTGAGTAACA-1,5
79160_TATGGTTAGTGGGAGA-1,3
79160_TATGTCTCATTGTGCC-1,1
79160_TATTAACCTGACCGCG-1,4
79160_TATTACCATCCTGCTT-1,3
79160_TATTCAATTCTAATCC-1,7
79160_TATTCCACTCAGCTCG-1,3
79160_TATTCCGAGCTGTTAT-1,11
79160_TATTCCTCCGCCCACT-1,3
79160_TATTCGTGCCAGAATA-1,2
79160_TATTTAGTCTAGATCG-1,1
79160_TATTTGTTACCCTTTA-1,2
79160_TCAAACAACCGCGTCG-1,5
79160_TCAAACTTAGATTGTT-1,9
79160_TCAACAAAGATAATTC-1,4
79160_TCAACACATTGGGTAA-1,1
79160_TCAACATAGCGCCCTA-1,11
79160_TCAACCATGTTCGGGC-1,9
79160_TCAACGAGGAGACAAA-1,6
79160_TCAACGCAGGAAATAA-1,3
79160_TCAAGGTTACTACACC-1,11
79160_TCACAGCAAACTCGAA-1,3
79160_TCACAGGAGAATAAGA-1,3
79160_TCACAGGGAATCGCAA-1,3
79160_TCACAGGTTATTGGGC-1,8
79160_TCACCCTCTTAAGATT-1,4
79160_TCACCGCTCGGCACTC-1,7
79160_TCACGATGTCCGTGGA-1,4
79160_TCACGCATTGTAGATC-1,7
79160_TCACGGTCATCGCACA-1,2
79160_TCACGTGCCCGATTCA-1,4
79160_TCACTATCGTGCAATC-1,1
79160_TCAGACGCTATAGAAG-1,3
79160_TCAGCAAATGCATCTC-1,2
79160_TCAGCAGTAGGCCCTG-1,5
79160_TCAGGGTGTAACGTAA-1,1
79160_TCAGGTTCTTTGAGAA-1,2
79160_TCAGTAGGGACTATAA-1,11
79160_TCAGTGTATACGTCAT-1,3
79160_TCATCGATGGTCCCAA-1,3
79160_TCATTTAAGTCTCCGA-1,3
79160_TCCAACTTTAAATTCT-1,10
79160_TCCACCTCTAGCCTTT-1,6
79160_TCCACTTTATCTAGGT-1,1
79160_TCCAGAGCACCGGTTC-1,6
79160_TCCAGGCGAGTACGGT-1,1
79160_TCCCAAAGACGAAGGA-1,9
79160_TCCCAGCTTTAGTCTG-1,9
79160_TCCCAGGCTTAGCTAA-1,9
79160_TCCCGCGTACTCCTGG-1,9
79160_TCCCGGGTGTGCTGCT-1,4
79160_TCCCGGTCAGGAATTT-1,2
79160_TCCCGTCAGTCCCGCA-1,2
79160_TCCCGTGTGCAATTTG-1,3
79160_TCCGAGAAGGCTAAGC-1,2
79160_TCCGATAATTGCCATA-1,14
79160_TCCGATGACTGAGCTC-1,1
79160_TCCGATGGTGCGACAT-1,9
79160_TCCGCCTGTCTACAAG-1,4
79160_TCCGCGGCAGCATCTG-1,6
79160_TCCGCGGCCCAATGAA-1,6
79160_TCCGCTGTCATCCCGG-1,3
79160_TCCGCTTATCCCATTA-1,3
79160_TCCGGTTCGTCCGGTC-1,3
79160_TCCGTTAAGCTAATAT-1,6
79160_TCCGTTTAGCCTTGAA-1,7
79160_TCCTAAATTGGGAAGC-1,4
79160_TCCTAACCGTCGGGCA-1,6
79160_TCCTACATCCACGGCC-1,3
79160_TCCTAGCAAAGAAGCT-1,6
79160_TCCTCGGGCTGGGCTT-1,10
79160_TCCTGCGTTGATACTC-1,4
79160_TCCTTACGACGGTCCG-1,4
79160_TCCTTCAGTGGTCGAA-1,7
79160_TCCTTTCTTACGCTTA-1,9
79160_TCGAAATTTAGGACCA-1,7
79160_TCGAAGAACCGAGCAC-1,3
79160_TCGAATATCCCGCAGG-1,9
79160_TCGAGACCAACACCGT-1,7
79160_TCGAGCCAGGCAGGCC-1,3
79160_TCGATAGGCTAGTCGC-1,1
79160_TCGCAAAGATGCATTT-1,3
79160_TCGCACCAGGAGGCAG-1,3
79160_TCGCATTCAATGACTT-1,2
79160_TCGCCGAAGTTGCGTC-1,4
79160_TCGCCGGTCGATCCGT-1,1
79160_TCGCTCGATATATTCC-1,9
79160_TCGCTGGGCGGATTGT-1,9
79160_TCGCTTTAAACGTTTG-1,7
79160_TCGGACGCCCAGCCCA-1,7
79160_TCGGAGTACATGAGTA-1,1
79160_TCGGCGAACCCAAACC-1,10
79160_TCGGGAGACAGCGTAC-1,6
79160_TCGGGCCGTCGTGGTA-1,4
79160_TCGGGTGAAACTGCTA-1,1
79160_TCGTAAGACGACATTG-1,7
79160_TCGTATAGTGCAATTA-1,1
79160_TCGTATTACCCATTGC-1,4
79160_TCGTCAAGTACGCGCA-1,3
79160_TCGTCTTAGGCGTTAA-1,3
79160_TCGTGTACTATGGATG-1,8
79160_TCGTTAGGAGTCCCTA-1,3
79160_TCGTTGCTATCCGGTC-1,3
79160_TCGTTGGCTCGTCAAT-1,14
79160_TCTACCGTCCACAAGC-1,9
79160_TCTAGCAATCTCCGCC-1,3
79160_TCTAGCATCTTCGATG-1,2
79160_TCTAGCATGCCCAGAA-1,3
79160_TCTAGTGATATCGTGG-1,3
79160_TCTAGTTATCAGAAGA-1,1
79160_TCTATCGGTCGCAACA-1,9
79160_TCTCATGAGATAGGGT-1,3
79160_TCTCCCTGGGCAGCGT-1,3
79160_TCTCGACGTATCGCCG-1,3
79160_TCTCTAATAGCTGGTA-1,1
79160_TCTGAACTCGTACCCG-1,3
79160_TCTGAAGCACGTGGTC-1,6
79160_TCTGAATTCCGTACAA-1,4
79160_TCTGATGTATTCTGTC-1,3
79160_TCTGCCAGAAACTGCA-1,5
79160_TCTGGGAACCTTTGAA-1,3
79160_TCTGGGTAGCGCTCAT-1,4
79160_TCTGTCATACAAGAGC-1,2
79160_TCTGTGCCATCATAGT-1,1
79160_TCTGTTACCCAGCATA-1,3
79160_TCTTACAGAGGTACCG-1,1
79160_TCTTACTTATGCCTCT-1,3
79160_TCTTAGAGCTCCAATT-1,3
79160_TCTTAGAGTGAACTCT-1,3
79160_TCTTCCCATGGGCACA-1,4
79160_TCTTCGAATAGACGTT-1,7
79160_TCTTCGATACCAATAA-1,7
79160_TCTTCTATAACCCGCC-1,3
79160_TCTTGATGCGTAGCGA-1,7
79160_TCTTGGTAACACCAAA-1,1
79160_TCTTTAAGACTATGAA-1,4
79160_TGAAACCTCAACTCAC-1,2
79160_TGAAAGGACCTGACTC-1,6
79160_TGAATGTCAGCCGGCC-1,4
79160_TGACATCGAGCGGACC-1,3
79160_TGACCCAACTCACATT-1,7
79160_TGACCCACGTTAGACA-1,7
79160_TGACGATGCACTAGAA-1,3
79160_TGACTATAATCCTTTC-1,9
79160_TGAGAATGCTTTACCG-1,1
79160_TGAGAGATTTACCACG-1,3
79160_TGAGCAGTCGTGAAGT-1,2
79160_TGAGCCATACAGTCTC-1,5
79160_TGAGCGGAAAGTGTTC-1,3
79160_TGAGGAGTGCCAGCTT-1,5
79160_TGAGGTTGATCCCAAG-1,2
79160_TGAGTAAATTAGCGTA-1,3
79160_TGAGTGCCTCTTAAAT-1,11
79160_TGAGTGGTCCGTGACG-1,7
79160_TGAGTTAAAGACATTC-1,4
79160_TGATACATTTAGCCGT-1,3
79160_TGATCAGGGAACTGCT-1,4
79160_TGATCGGTTTGACCCT-1,2
79160_TGATCTCCGGCGCCAG-1,9
79160_TGATTCGTCTATCACT-1,2
79160_TGATTCTGTCGCCGGT-1,3
79160_TGATTTATTAGCTGTG-1,3
79160_TGCAAGAATGACGTAA-1,9
79160_TGCAGAGTACCGAGCA-1,1
79160_TGCAGGATCGGCAAAG-1,1
79160_TGCAGTTTCCTCCCAT-1,4
79160_TGCATATGTCTGTCAC-1,10
79160_TGCATGGATCGGATCT-1,1
79160_TGCATGTGGTAATCTA-1,7
79160_TGCCAATGGGTACTCT-1,3
79160_TGCCAGTACGTGGAGA-1,3
79160_TGCCCGTACCGTTAAA-1,3
79160_TGCCGGATGTACGAGC-1,3
79160_TGCCGTGGATCGTCCT-1,4
79160_TGCCTGATCAAACGAT-1,1
79160_TGCCTTGGCCAGGCAA-1,3
79160_TGCGACACCCTAGTGC-1,11
79160_TGCGACGGCCGAACGT-1,3
79160_TGCGAGAATATTACCC-1,9
79160_TGCGCAAAGCATTTGG-1,5
79160_TGCGCGATTAACGGAG-1,1
79160_TGCGGAGTAAAGGTGC-1,2
79160_TGCGGCATAGTTCAAC-1,1
79160_TGCGTAAGAACCTGAT-1,10
79160_TGCGTTTGTTGACACT-1,4
79160_TGCTAAGTGTCTATTT-1,4
79160_TGCTCCACAGTTCTTA-1,3
79160_TGCTCGGCGAAACCCA-1,4
79160_TGCTGTTGAAGAACTC-1,7
79160_TGGAAGAAGGGAACGT-1,3
79160_TGGAAGACGAACACCA-1,9
79160_TGGAAGGATAAAGATG-1,1
79160_TGGACTGTTCGCTCAA-1,7
79160_TGGAGTGATGCGATGA-1,2
79160_TGGCAAACTAAATTAC-1,3
79160_TGGCAGATTACGATCA-1,11
79160_TGGCAGCAGTAATAGT-1,4
79160_TGGCCAAACTGAAGTA-1,14
79160_TGGCGACTGCTCCAAA-1,9
79160_TGGCGATCAAGTTATG-1,3
79160_TGGCGGTGTGCGATTG-1,2
79160_TGGCTTTGGGTAGACA-1,1
79160_TGGGCAATAGTTGGGT-1,4
79160_TGGGCACAAACAGAAC-1,2
79160_TGGGCCCATACTAATT-1,3
79160_TGGTAGAATATATGGG-1,4
79160_TGGTCCCACGCTACGG-1,3
79160_TGGTCTGTTGGGCGTA-1,4
79160_TGGTTCAACGGGTAAT-1,3
79160_TGGTTCGTAGCAAAGG-1,9
79160_TGTAACTTGTCAACCT-1,2
79160_TGTACGAACAAATCCG-1,1
79160_TGTACTGTGCCAAAGT-1,1
79160_TGTAGGAGAAATTTCC-1,10
79160_TGTAGTGATCTATAAT-1,4
79160_TGTATAACAGATCCTG-1,1
79160_TGTATCCTTATTCCAT-1,2
79160_TGTATGGCGCAGACAG-1,3
79160_TGTCCCGACATAGCAC-1,1
79160_TGTCTACAGTTTCTGT-1,1
79160_TGTGACTACGCCAGTC-1,2
79160_TGTGAGACTAGCCCAA-1,10
79160_TGTGCCGGTGCCGGAA-1,6
79160_TGTGGCAAAGCGTATG-1,7
79160_TGTGGCTCCCACCAAC-1,4
79160_TGTTATTGTATGTGGC-1,3
79160_TGTTCCGCTTCCATGA-1,1
79160_TGTTCGTATTGCGGTG-1,3
79160_TGTTCTTCCATTGACT-1,1
79160_TGTTGTCAAGAAGTCT-1,1
79160_TGTTTCGGTACTTCTC-1,9
79160_TTAAACTCGAATTCAT-1,4
79160_TTAACCAACCCTCCCT-1,2
79160_TTAACGTCGCAAGACC-1,1
79160_TTAACTTCAGGTAGGA-1,4
79160_TTAAGATAGGATTGAC-1,3
79160_TTAAGCGCCTGACCCA-1,7
79160_TTAAGGATACGGAGGT-1,14
79160_TTAATGTAGACCAGGT-1,2
79160_TTAATTTCAGACGCGG-1,1
79160_TTACAACTACGCATCC-1,7
79160_TTACATGCCACAACTA-1,3
79160_TTACCCTAGGGATTGG-1,6
79160_TTACGGATGGTTCGAG-1,9
79160_TTACGGTGTCACCGAG-1,2
79160_TTACTAAAGGACTTTA-1,9
79160_TTACTCCGGCCGGGAA-1,7
79160_TTACTCTGGTACGTAC-1,3
79160_TTACTGGGATATTTCA-1,5
79160_TTAGAAGAACATGACT-1,3
79160_TTAGAATAAGGGTCGG-1,10
79160_TTAGACGAGTCACCTC-1,3
79160_TTAGAGTTTAGAAGGA-1,3
79160_TTAGCTGATTTGCCGT-1,3
79160_TTAGGTCATAACCGAC-1,3
79160_TTAGTTATTCGTGGCA-1,3
79160_TTATATACGCTGTCAC-1,7
79160_TTATATTTGGCAATCC-1,9
79160_TTATCCGGGATCTATA-1,3
79160_TTATCTGTATCATAAC-1,7
79160_TTATGAATGAAAGGGA-1,10
79160_TTATGATCTTAACGAA-1,10
79160_TTATGCGTCCCGGTCC-1,1
79160_TTATTAGAGCGTGTTC-1,3
79160_TTATTAGGGAAGCATC-1,1
79160_TTCAAAGTCTCTAGCC-1,7
79160_TTCAACGACCCGACCG-1,1
79160_TTCAATACTCTGAATC-1,5
79160_TTCACGAAAGGATCAC-1,7
79160_TTCACTCGAGCACCTA-1,9
79160_TTCAGCCCTGGTCCAC-1,3
79160_TTCCAATCTGGCTATC-1,3
79160_TTCCACACAGATTTGA-1,3
79160_TTCCAGACGAGATTTA-1,3
79160_TTCCGCGTGAGGCGAT-1,3
79160_TTCCGGCCTTGAGGCT-1,9
79160_TTCCGGTTACCCACTT-1,3
79160_TTCCTCGAGGGTGTCT-1,1
79160_TTCCTCGGACTAACCA-1,3
79160_TTCGACAGAGCCCGTG-1,3
79160_TTCGACGGGAAGGGCG-1,1
79160_TTCGCACTCGCGTGCT-1,2
79160_TTCGCGCGCCATACGA-1,5
79160_TTCGCTAGGAAGTTGT-1,3
79160_TTCGGGACTAATCGCG-1,1
79160_TTCGGGCGCTAGTCTT-1,3
79160_TTCTAACCGAAGCTTA-1,11
79160_TTCTAGAAAGTCTTAT-1,10
79160_TTCTGACCGGGCTCAA-1,3
79160_TTCTGCCGCGCCTAGA-1,3
79160_TTCTGCGGGTTAGCGG-1,5
79160_TTCTTAGTGGCTCAGA-1,2
79160_TTCTTATCCGCTGGGT-1,6
79160_TTCTTGAGCCGCGCTA-1,9
79160_TTCTTGCTAGCATCTC-1,3
79160_TTCTTGGACGATCTGC-1,8
79160_TTGAAGAATTCCCAGG-1,4
79160_TTGAATATGGACTTTC-1,7
79160_TTGAATTCACGTGAGG-1,3
79160_TTGACAGGAGCTCCCG-1,4
79160_TTGACATGAACGTGGA-1,3
79160_TTGACCATGTTCTCCG-1,7
79160_TTGACCGTGTTAATGA-1,3
79160_TTGACGATTCAGCACG-1,1
79160_TTGACGCTCCATGAGC-1,3
79160_TTGACTACCATATGGT-1,5
79160_TTGACTATTGTCCGGC-1,4
79160_TTGAGAAGTTTAGCAT-1,5
79160_TTGAGAGTACTGCTAA-1,4
79160_TTGAGCAGCCCACGGT-1,8
79160_TTGATCTAACTTTGTC-1,7
79160_TTGATTAGCTGTTTCT-1,9
79160_TTGCACAATTCAGAAA-1,7
79160_TTGCACGGAGCAGCAC-1,1
79160_TTGCATGCTGATCACG-1,4
79160_TTGCCAAGCAGAACCC-1,3
79160_TTGCCCTGATCACGGG-1,3
79160_TTGCGGCATCAGAAAG-1,3
79160_TTGCGTCGGCCAACCG-1,3
79160_TTGCTAGCTACCAATC-1,7
79160_TTGCTCCCATACCGGA-1,1
79160_TTGCTGAAGGAACCAC-1,2
79160_TTGCTGATCATGTTCG-1,9
79160_TTGGACATGTGGCTTA-1,3
79160_TTGGACCATCTGGCAA-1,6
79160_TTGGACCTATAACAGT-1,10
79160_TTGGAGTCTCCCTTCT-1,2
79160_TTGGATATCGTCTACG-1,3
79160_TTGGATTGGGTACCAC-1,9
79160_TTGGGACACTGCCCGC-1,9
79160_TTGGGACGTAAGAGTT-1,6
79160_TTGGGCGGCGGTTGCC-1,1
79160_TTGGTCACACTCGTAA-1,3
79160_TTGTAAGGACCTAAGT-1,9
79160_TTGTAAGGCCAGTTGG-1,4
79160_TTGTAATCCGTACTCG-1,1
79160_TTGTCGTTCAGTTACC-1,9
79160_TTGTGAACCTAATCCG-1,6
79160_TTGTGGCCCTGACAGT-1,2
79160_TTGTGGTAGGAGGGAT-1,4
79160_TTGTGTATGCCACCAA-1,3
79160_TTGTGTTTCCCGAAAG-1,3
79160_TTGTTCAGTGTGCTAC-1,1
79160_TTGTTGTGTGTCAAGA-1,2
79160_TTGTTTCACATCCAGG-1,4
79160_TTGTTTCATTAGTCTA-1,3
79160_TTGTTTCCATACAACT-1,4
